name,begin,end,duration
Lexical Processing Discussion,07-05-2021 10:45:00,07-05-2021 11:30:00,2700
Eye for Blind Code Discussion,01-02-2021 09:30:00,01-02-2021 10:30:00,3600
upGrad Adjunct Faculty,11-01-2021 13:30:00,11-01-2021 14:30:00,3600
<not a meeting> Check Issue tickets,12-02-2021 17:00:00,12-02-2021 17:15:00,900
<not a meeting> Check Issue tickets,01-02-2021 17:00:00,01-02-2021 17:15:00,900
<not a meeting> Check Issue tickets,29-01-2021 17:00:00,29-01-2021 17:15:00,900
<not a meeting> Check Issue tickets,28-01-2021 17:00:00,28-01-2021 17:15:00,900
<not a meeting> Check Issue tickets,26-01-2021 17:00:00,26-01-2021 17:15:00,900
<not a meeting> Check Issue tickets,25-01-2021 17:00:00,25-01-2021 17:15:00,900
<not a meeting> Check Issue tickets,20-01-2021 17:00:00,20-01-2021 17:15:00,900
<not a meeting> Check Issue tickets,15-01-2021 17:00:00,15-01-2021 17:15:00,900
<not a meeting> Check Issue tickets,14-01-2021 17:00:00,14-01-2021 17:15:00,900
<not a meeting> Check Issue tickets,11-01-2021 17:00:00,11-01-2021 17:15:00,900
Syntactic discussion,22-03-2021 04:30:00,22-03-2021 05:30:00,3600
Concluding discussion on Module dev timelines,11-02-2021 07:30:00,11-02-2021 08:30:00,3600
Boosting - Next steps,04-02-2021 08:30:00,04-02-2021 08:50:00,1200
Upgrad Adjunct Faculty- Nishan Jain,01-02-2021 10:30:00,01-02-2021 11:15:00,2700
C19 Rasa Chat Bot Discussion,01-02-2021 09:30:00,01-02-2021 10:00:00,1800
SME Reachouts,18-01-2021 13:30:00,18-01-2021 14:00:00,1800
Team Structure - DS,08-12-2020 12:30:00,08-12-2020 13:00:00,1800
Agenda Discussion | Transfer learning with TF-hub- Demo,19-05-2021 04:30:00,19-05-2021 04:45:00,900
Jarvislabs Onboarding,13-04-2021 09:30:00,13-04-2021 10:00:00,1800
upGrad Adjunct Faculty,01-02-2021 12:30:00,01-02-2021 13:30:00,3600
Semantic Processing flowdoc,05-02-2021 10:00:00,05-02-2021 10:45:00,2700
LR Style Guide Training Session - SD,23-03-2021 07:00:00,23-03-2021 08:00:00,3600
Semantic Processing Discussion,02-03-2021 11:00:00,02-03-2021 11:30:00,1800
Long term product changes nps,05-02-2021 06:30:00,05-02-2021 07:00:00,1800
NLP Case study shoot :: Alankar,15-05-2021 09:30:00,15-05-2021 13:20:00,13800
DL in NLP Shoot :: Mohit - PGDML- NLP MLC23,13-06-2021 03:30:00,13-06-2021 08:35:00,18300
Module 1 Discussion: Usha Rengaraju,09-03-2021 13:00:00,09-03-2021 14:00:00,3600
"DSC22 Track Changes Training upGrad SGC | Mandatory to attend | 16th Dec, 7:30 PM - 8:30 PM",16-12-2020 14:00:00,16-12-2020 15:00:00,3600
Lexical Processing Discussion,15-03-2021 11:45:00,15-03-2021 12:30:00,2700
Semantic SME Finalisation,11-02-2021 07:00:00,11-02-2021 07:20:00,1200
IM Calls Feedback,27-05-2021 13:10:00,27-05-2021 13:30:00,1200
Upgrad Adjunct Faculty- Anshuman Mahapatra,02-02-2021 11:30:00,02-02-2021 12:15:00,2700
NLP Redev Review,16-12-2020 11:30:00,16-12-2020 14:00:00,9000
DS C-23 Post Track Coach Training,11-01-2021 14:00:00,11-01-2021 15:00:00,3600
ML C22 Mass escalation,12-02-2021 09:00:00,12-02-2021 09:30:00,1800
Data Vertical Weekly ,14-10-2020 17:00:00,14-10-2020 18:00:00,3600
Data Vertical Weekly ,07-10-2020 16:30:00,07-10-2020 17:30:00,3600
Data Vertical Weekly ,30-09-2020 16:00:00,30-09-2020 17:00:00,3600
Final Design Excel Discussion,01-03-2021 06:30:00,01-03-2021 07:00:00,1800
NLP Exams,07-06-2021 12:00:00,07-06-2021 12:15:00,900
Data Vertical Weekly ,23-09-2020 16:00:00,23-09-2020 17:00:00,3600
Data Vertical Weekly ,23-09-2020 16:00:00,23-09-2020 17:00:00,3600
Discuss Current Issues and Focus Areas,10-12-2020 08:00:00,10-12-2020 08:30:00,1800
CS Interview Slot <Not a meeting>,06-01-2021 11:30:00,06-01-2021 12:30:00,3600
KRA Pointers,10-02-2021 09:30:00,10-02-2021 09:55:00,1500
Deck Discussion Topic Modelling and Knowledge Graph,19-04-2021 06:30:00,19-04-2021 07:30:00,3600
Teaching Session- Neural Networks for NLP,12-03-2021 06:30:00,12-03-2021 08:00:00,5400
Gesture Recognition Issue,02-02-2021 07:15:00,02-02-2021 07:30:00,900
upGrad Adjunct Faculty,07-01-2021 12:30:00,07-01-2021 13:30:00,3600
Module QC Meeting,11-12-2020 10:30:00,11-12-2020 11:00:00,1800
<not a meeting> Slot CS Interview,19-01-2021 09:30:00,19-01-2021 10:30:00,3600
<not a meeting> Check Issue tickets,10-05-2021 17:00:00,10-05-2021 17:15:00,900
<not a meeting> Check Issue tickets,04-05-2021 17:00:00,04-05-2021 17:15:00,900
<not a meeting> Check Issue tickets,03-05-2021 17:00:00,03-05-2021 17:15:00,900
Akaike Assignment,20-05-2021 11:30:00,20-05-2021 11:45:00,900
<not a meeting> Check Issue tickets,16-04-2021 17:00:00,16-04-2021 17:15:00,900
Celebrating the #OneupGrad spirit,04-06-2021 10:30:00,04-06-2021 11:45:00,4500
<not a meeting> Check Issue tickets,15-04-2021 17:00:00,15-04-2021 17:15:00,900
<not a meeting> Check Issue tickets,12-04-2021 17:00:00,12-04-2021 17:15:00,900
<not a meeting> Check Issue tickets,31-03-2021 17:00:00,31-03-2021 17:15:00,900
<not a meeting> Check Issue tickets,02-04-2021 17:00:00,02-04-2021 17:15:00,900
Distrubutional Semantics Code ,26-03-2021 13:00:00,26-03-2021 14:00:00,3600
upGrad Adjunct Faculty- Rajiv Bajpai,11-02-2021 10:30:00,11-02-2021 11:15:00,2700
Teaching Session Syntactic: POS Tagging Use Case,23-02-2021 10:30:00,23-02-2021 11:20:00,3000
"Gunnvant <> Kshitij, Saroj Biweekly",14-12-2020 13:00:00,14-12-2020 14:00:00,3600
"Gunnvant <> Kshitij, Saroj Biweekly",14-12-2020 13:00:00,14-12-2020 14:00:00,3600
"Gunnvant <> Kshitij, Saroj Biweekly",01-06-2021 13:00:00,01-06-2021 14:00:00,3600
"Gunnvant <> Kshitij, Saroj Biweekly",17-05-2021 13:00:00,17-05-2021 14:00:00,3600
"Gunnvant <> Kshitij, Saroj Biweekly",19-04-2021 13:00:00,19-04-2021 14:00:00,3600
"Gunnvant <> Kshitij, Saroj Biweekly",22-03-2021 13:00:00,22-03-2021 14:00:00,3600
Tanuj <> upGrad - content discussion on Unsupervised NLP,14-05-2021 12:45:00,14-05-2021 13:30:00,2700
Upgrad Adjunct Faculty- Madhav Agarwal,03-02-2021 11:30:00,03-02-2021 12:15:00,2700
Discussion on Rasa,21-01-2021 09:30:00,21-01-2021 10:30:00,3600
DL Content Analysis,28-01-2021 13:30:00,28-01-2021 14:15:00,2700
Gunnvant / Antriksh,10-02-2021 04:30:00,10-02-2021 05:15:00,2700
Weekly Catch Up,14-04-2021 13:00:00,14-04-2021 13:30:00,1800
Weekly Catch Up,26-05-2021 13:00:00,26-05-2021 13:30:00,1800
Weekly Catch Up,17-03-2021 13:00:00,17-03-2021 13:30:00,1800
Collaboration with Prof. Biplab,03-05-2021 13:00:00,03-05-2021 13:15:00,900
NLP Teaching session- Paul,08-12-2020 03:30:00,08-12-2020 04:30:00,3600
Syntactic processing mock shoot- Gunnvant,06-05-2021 09:30:00,06-05-2021 10:15:00,2700
Content Research Attention Models <not a meeting>,11-01-2021 09:30:00,11-01-2021 10:30:00,3600
Discussion on EFB,22-01-2021 17:00:00,22-01-2021 18:00:00,3600
Evaluator Rubric CNN Assignment,16-12-2020 07:00:00,16-12-2020 08:00:00,3600
Jarvis,02-06-2021 11:30:00,02-06-2021 11:55:00,1500
Jarvis Updates,13-04-2021 05:00:00,13-04-2021 05:15:00,900
upGrad Adjunct Faculty,18-01-2021 13:30:00,18-01-2021 14:15:00,2700
Discussion on EFB,13-01-2021 08:30:00,13-01-2021 09:15:00,2700
Syntactic code demo shoot- Sumit,03-05-2021 08:00:00,03-05-2021 09:30:00,5400
General catch up with ML Team,09-04-2021 12:30:00,09-04-2021 13:00:00,1800
ML & AI - Weekly Engagement Catchup,29-04-2021 11:00:00,29-04-2021 12:30:00,5400
ML & AI - Weekly Engagement Catchup,03-06-2021 11:00:00,03-06-2021 12:30:00,5400
ML & AI - Weekly Engagement Catchup,13-05-2021 11:00:00,13-05-2021 12:30:00,5400
ML & AI - Weekly Engagement Catchup,29-04-2021 11:00:00,29-04-2021 12:30:00,5400
Jarvis Code Migration,15-03-2021 12:45:00,15-03-2021 13:00:00,900
Chatbot Sync up,17-02-2021 08:30:00,17-02-2021 08:55:00,1500
Semantic Processing Discussion,17-02-2021 12:15:00,17-02-2021 12:45:00,1800
upGrad <> Jarvislabs,15-04-2021 10:00:00,15-04-2021 10:30:00,1800
Weekly SGC - T & Non-T Learners Calendar Finalisation,16-04-2021 06:30:00,16-04-2021 07:30:00,3600
MLC Lexical Processing Module Discussion,08-06-2021 10:00:00,08-06-2021 10:30:00,1800
DL in NLP Shoot :: Mohit - PGDML- NLP MLC23,19-06-2021 06:30:00,19-06-2021 10:35:00,14700
Data Updates to Kshitij,07-04-2021 06:30:00,07-04-2021 07:30:00,3600
Syntactic Part-II Discussion,05-04-2021 07:30:00,05-04-2021 08:15:00,2700
DS/ML Capstones Related discussion,12-01-2021 08:30:00,12-01-2021 09:00:00,1800
Content for Rise - Discuss details of topics,24-12-2020 12:30:00,24-12-2020 13:00:00,1800
upGrad <> Prof. Ramaseshan,13-05-2021 05:30:00,13-05-2021 06:00:00,1800
ML MLC NLP,08-02-2021 09:30:00,08-02-2021 09:45:00,900
Lexical Processing Discussion (Internal),11-03-2021 06:30:00,11-03-2021 07:00:00,1800
Rasa Chatbot C19 Discussion+NLP Content across courses,29-01-2021 08:00:00,29-01-2021 08:30:00,1800
Lexical Processing - Teaching Session I,19-05-2021 09:30:00,19-05-2021 11:00:00,5400
NLP Discussion,23-02-2021 09:30:00,23-02-2021 09:45:00,900
DS- NLP/DL Catch up,02-12-2020 12:00:00,02-12-2020 12:30:00,1800
DS- NLP/DL Catch up,02-12-2020 12:00:00,02-12-2020 12:30:00,1800
<not a meeting> Slot CS Interview,20-01-2021 09:30:00,20-01-2021 10:30:00,3600
DL + NLP content gold standard ideas,06-05-2021 04:30:00,06-05-2021 05:30:00,3600
GPU Service cost - ML + DL track,11-02-2021 14:30:00,11-02-2021 14:55:00,1500
Mock Shoot - Alankar -PGDML- NLP MLC23,21-04-2021 08:30:00,21-04-2021 09:20:00,3000
NLP-  Live Sessions Plan,08-06-2021 09:30:00,08-06-2021 10:00:00,1800
Upgrad Adjunct Faculty- Ramsri,15-02-2021 09:00:00,15-02-2021 09:45:00,2700
Performance Management on DarwinBox Training,19-01-2021 06:30:00,19-01-2021 07:30:00,3600
SME Finalisation,25-02-2021 07:00:00,25-02-2021 07:30:00,1800
NLP Case study shoot :: Alankar,17-05-2021 12:30:00,17-05-2021 14:35:00,7500
Moving to Wednesday Deadline: Changes in Synchronous Elements,17-12-2020 11:00:00,17-12-2020 11:30:00,1800
ML & AI - Weekly Engagement Catchup,15-04-2021 11:00:00,15-04-2021 12:30:00,5400
ML & AI - Weekly Engagement Catchup,08-04-2021 11:00:00,08-04-2021 13:00:00,7200
PMS on DarwinBox - Refresher Training for everyone,22-01-2021 10:30:00,22-01-2021 11:30:00,3600
Upgrad Adjunct Faculty- Kaushic Kalyan,16-02-2021 11:30:00,16-02-2021 12:15:00,2700
Semantic Deck Discussion,23-03-2021 06:15:00,23-03-2021 06:30:00,900
Rasa C19 Catchup,01-02-2021 05:15:00,01-02-2021 05:30:00,900
Lexical Processing - Teaching Session II,20-05-2021 09:30:00,20-05-2021 11:00:00,5400
Quick Catchup,08-04-2021 13:15:00,08-04-2021 13:30:00,900
NLP Discussion,18-01-2021 11:00:00,18-01-2021 11:30:00,1800
Weekly SGC Plan - DS/ML,15-04-2021 10:30:00,15-04-2021 11:30:00,3600
CNN assignment ,15-12-2020 07:00:00,15-12-2020 08:00:00,3600
ML C21 Service Recovery Calls for CSAT,07-01-2021 10:00:00,07-01-2021 10:30:00,1800
DS/ML Live Calendar Changes: Working Session,12-02-2021 12:00:00,12-02-2021 13:00:00,3600
Distributional Semantics PIP shoot-Jaidev,07-04-2021 12:30:00,07-04-2021 14:00:00,5400
Quick Catchup on Colab Code Migration,15-02-2021 05:15:00,15-02-2021 05:30:00,900
Interview - AJITHA BANU N,08-01-2021 09:30:00,08-01-2021 10:15:00,2700
Upgrad Adjunct Faculty - Debasish Sarangi,17-02-2021 05:00:00,17-02-2021 05:45:00,2700
<Not a meeting> Check: Re: DS C20 - Learners not happy with the course content (1st June 2020 Batch),09-12-2020 07:30:00,09-12-2020 07:45:00,900
Upgrad Adjunct Faculty- Shubham Saket,01-02-2021 07:30:00,01-02-2021 08:15:00,2700
Design Excel - DL in NLP,25-05-2021 09:45:00,25-05-2021 10:10:00,1500
Chatbot Discussion,16-02-2021 10:00:00,16-02-2021 10:25:00,1500
PPT Discussion- Sumit,07-05-2021 08:30:00,07-05-2021 09:00:00,1800
CS Interview,29-12-2020 10:30:00,29-12-2020 11:30:00,3600
ML : All Hands Meet || Weekly Catch-up,05-03-2021 16:00:00,05-03-2021 16:45:00,2700
upGrad<>Prof Swati,17-05-2021 04:30:00,17-05-2021 04:55:00,1500
ML : All Hands Meet || Weekly Catch-up,14-05-2021 16:00:00,14-05-2021 16:45:00,2700
ML : All Hands Meet || Weekly Catch-up,02-04-2021 16:00:00,02-04-2021 16:45:00,2700
ML : All Hands Meet || Weekly Catch-up,26-02-2021 16:00:00,26-02-2021 16:45:00,2700
ML : All Hands Meet || Weekly Catch-up,28-05-2021 16:00:00,28-05-2021 16:45:00,2700
ML : All Hands Meet || Weekly Catch-up,21-05-2021 16:00:00,21-05-2021 16:45:00,2700
ML : All Hands Meet || Weekly Catch-up,07-05-2021 16:00:00,07-05-2021 16:45:00,2700
Assignment shoot- Sumit,21-05-2021 06:30:00,21-05-2021 10:30:00,14400
upGrad <> Prof. Vineeth,13-05-2021 04:00:00,13-05-2021 04:30:00,1800
MLC - Cohort No. 4 - Course No. 8 - Mahesh Balan - New SME,22-05-2021 12:30:00,22-05-2021 16:00:00,12600
Semantic Processing Discussion,09-03-2021 11:30:00,09-03-2021 12:00:00,1800
upGrad Adjunct Faculty- Arun Pavuri,05-03-2021 08:00:00,05-03-2021 08:45:00,2700
Semantic Sync Up,27-01-2021 07:00:00,27-01-2021 07:15:00,900
Interview | Saumya Gangwar | Intern - upGrad,15-12-2020 09:30:00,15-12-2020 10:30:00,3600
IIT M IIIT B DL NLP Planning,14-12-2020 12:30:00,14-12-2020 13:00:00,1800
DL Content Review,10-12-2020 06:45:00,10-12-2020 08:00:00,4500
Interview - SURAJ.P,08-01-2021 07:30:00,08-01-2021 08:15:00,2700
upGrad Adjunct Faculty,01-02-2021 11:30:00,01-02-2021 12:15:00,2700
ML & NLP/DL- Module Adherence Sync up,14-01-2021 15:30:00,14-01-2021 16:00:00,1800
ML & NLP/DL- Module Adherence Sync up,03-12-2020 15:30:00,03-12-2020 16:00:00,1800
Understanding Nimblebox Services and alternatives,29-01-2021 07:00:00,29-01-2021 07:25:00,1500
CS Interview Slot,28-12-2020 10:30:00,28-12-2020 11:30:00,3600
Out of Office,14-01-2021 00:00:00,15-01-2021 00:00:00,0
Short catchup DL in NLP,05-05-2021 07:30:00,05-05-2021 07:55:00,1500
Catchup,04-06-2021 11:30:00,04-06-2021 11:55:00,1500
SME Discussion,23-05-2021 11:00:00,23-05-2021 11:25:00,1500
Content Upgrade,03-02-2021 08:30:00,03-02-2021 09:00:00,1800
ML & NLP/DL- QC Sync up,18-11-2020 14:30:00,18-11-2020 15:00:00,1800
Lexical Processing Shoot,05-06-2021 05:30:00,05-06-2021 12:30:00,25200
Employability Tests Feedback call,27-05-2021 10:30:00,27-05-2021 10:45:00,900
ML & NLP/DL- QC Sync up,23-12-2020 14:30:00,23-12-2020 15:00:00,1800
Kshitij/Gunnvant/Saroj,10-05-2021 09:30:00,10-05-2021 10:15:00,2700
ML & NLP/DL- QC Sync up,16-12-2020 14:30:00,16-12-2020 15:00:00,1800
ML & NLP/DL- QC Sync up,02-12-2020 14:30:00,02-12-2020 15:00:00,1800
ML & NLP/DL- QC Sync up,25-11-2020 14:30:00,25-11-2020 15:00:00,1800
ML & NLP/DL- QC Sync up,18-11-2020 14:30:00,18-11-2020 15:00:00,1800
API Docs For Upgrad Platform,02-02-2021 10:15:00,02-02-2021 10:45:00,1800
Capstone - GANs,15-01-2021 12:30:00,15-01-2021 13:30:00,3600
Upgrad Adjunct Faculty - Parth Mehta,16-02-2021 10:30:00,16-02-2021 11:15:00,2700
Lexical Discussion - Internal Teaching Session,10-05-2021 10:30:00,10-05-2021 11:30:00,3600
Lexical Processing- Bandwidth estimate,24-05-2021 10:00:00,24-05-2021 10:30:00,1800
CS Interview,27-12-2020 10:30:00,27-12-2020 11:30:00,3600
Discussion with Arun,25-03-2021 05:30:00,25-03-2021 06:15:00,2700
NLP Redev Discussion,16-02-2021 14:45:00,16-02-2021 15:10:00,1500
CS Training - Tech Programs- Day 4,07-12-2020 04:00:00,07-12-2020 06:00:00,7200
<not a meeting> Slot CS Interview,21-01-2021 07:30:00,21-01-2021 08:30:00,3600
IM Test Analysis Next Steps,25-05-2021 12:00:00,25-05-2021 12:45:00,2700
ML & AI - Weekly Engagement Catchup,06-01-2021 12:00:00,06-01-2021 14:00:00,7200
ML & AI - Weekly Engagement Catchup,30-12-2020 12:00:00,30-12-2020 14:00:00,7200
ML & NLP/DL- Module Adherence Sync up,11-02-2021 15:30:00,11-02-2021 16:00:00,1800
ML & NLP/DL- Module Adherence Sync up,11-02-2021 15:30:00,11-02-2021 16:00:00,1800
Collaboration with Prof Debdoot,18-05-2021 10:00:00,18-05-2021 10:25:00,1500
<not a meeting> Check Issue tickets,30-03-2021 17:00:00,30-03-2021 17:15:00,900
<not a meeting> Check Issue tickets,24-03-2021 17:00:00,24-03-2021 17:15:00,900
Discussion on SME reachouts,12-05-2021 09:30:00,12-05-2021 09:55:00,1500
<not a meeting> Check Issue tickets,22-03-2021 17:00:00,22-03-2021 17:15:00,900
ML_Delivery_Content Enagement Meeting,21-04-2020 18:30:00,21-04-2020 19:00:00,1800
Learning doc NN discussion,13-05-2021 10:30:00,13-05-2021 11:00:00,1800
Shoot Neural Networks Jaidev,18-03-2021 10:30:00,18-03-2021 13:00:00,9000
ML_Delivery_Content Enagement Meeting,03-03-2020 18:30:00,03-03-2020 19:00:00,1800
ML_Delivery_Content Enagement Meeting,03-03-2020 18:30:00,03-03-2020 19:00:00,1800
ML_Delivery_Content Enagement Meeting,10-11-2020 18:30:00,10-11-2020 19:00:00,1800
ML_Delivery_Content Enagement Meeting,03-11-2020 18:30:00,03-11-2020 19:00:00,1800
ML_Delivery_Content Enagement Meeting,27-10-2020 18:30:00,27-10-2020 19:00:00,1800
ML_Delivery_Content Enagement Meeting,20-10-2020 18:30:00,20-10-2020 19:00:00,1800
Module Adherence Re-look,28-12-2020 11:30:00,28-12-2020 12:00:00,1800
CS- Training - Day 1 - Introduction,01-12-2020 04:00:00,01-12-2020 06:00:00,7200
Interview Questions ,10-03-2021 10:00:00,10-03-2021 10:30:00,1800
Discussion with  Chandrashekar,11-05-2021 05:30:00,11-05-2021 05:55:00,1500
Syntactic Processing- II- Shoot (PiP),14-05-2021 06:30:00,14-05-2021 10:30:00,14400
upGrad Adjunct Faculty - Sumit Bhatia,11-03-2021 08:00:00,11-03-2021 08:45:00,2700
MLC - Cohort No. 4 - Course No. 8 - Mahesh Balan - New SME,22-05-2021 03:30:00,22-05-2021 05:30:00,7200
Upgrad Adjunct Faculty- Ayan Sengupta,04-02-2021 07:30:00,04-02-2021 08:15:00,2700
upGrad Adjunct Faculty,03-02-2021 13:00:00,03-02-2021 13:45:00,2700
Graded questions QC + Platform text update- DL,11-03-2021 10:00:00,11-03-2021 10:30:00,1800
Webinar to resolve ESOP and other policy queries,04-02-2021 04:30:00,04-02-2021 05:30:00,3600
Akike - next steps,20-05-2021 15:00:00,20-05-2021 15:30:00,1800
NLP Discussion,24-12-2020 07:30:00,24-12-2020 08:00:00,1800
Upgrad Adjunct Faculty - Debapratim,02-03-2021 07:00:00,02-03-2021 07:30:00,1800
Discussion SME Syntactic Processing,02-02-2021 09:30:00,02-02-2021 09:55:00,1500
Boosting Discussion,02-02-2021 07:00:00,02-02-2021 07:15:00,900
Weekly Task Planning,31-12-2020 14:00:00,31-12-2020 14:30:00,1800
Exam Review - QC,17-12-2020 16:30:00,17-12-2020 17:30:00,3600
Exam Review - QC,24-09-2020 16:30:00,24-09-2020 17:30:00,3600
Exam Review - QC,26-11-2020 16:00:00,26-11-2020 17:00:00,3600
Exam Review - QC,12-11-2020 15:30:00,12-11-2020 16:30:00,3600
Exam Review - QC,30-10-2020 15:30:00,30-10-2020 16:30:00,3600
Follow up on next steps,13-05-2021 13:00:00,13-05-2021 13:30:00,1800
Exam Review - QC,09-10-2020 17:00:00,09-10-2020 18:00:00,3600
Gunnvant / Saroj,10-05-2021 04:30:00,10-05-2021 05:00:00,1800
Lexical Processing Shoot-Mahesh,12-06-2021 04:30:00,12-06-2021 13:30:00,32400
Exam Review - QC,01-10-2020 16:30:00,01-10-2020 17:30:00,3600
<not a meeting> Check Issue tickets,17-03-2021 17:00:00,17-03-2021 17:15:00,900
<not a meeting> Check Issue tickets,08-03-2021 17:00:00,08-03-2021 17:15:00,900
<not a meeting> Check Issue tickets,05-03-2021 17:00:00,05-03-2021 17:15:00,900
<not a meeting> Check Issue tickets,04-03-2021 17:00:00,04-03-2021 17:15:00,900
<not a meeting> Check Issue tickets,26-02-2021 17:00:00,26-02-2021 17:15:00,900
<not a meeting> Check Issue tickets,25-02-2021 17:00:00,25-02-2021 17:15:00,900
<not a meeting> Check Issue tickets,24-02-2021 17:00:00,24-02-2021 17:15:00,900
<not a meeting> Check Issue tickets,19-02-2021 17:00:00,19-02-2021 17:15:00,900
Chat bot case study: Next Steps,18-02-2021 05:00:00,18-02-2021 05:15:00,900
Upgrad Adjunct Faculty - Pawan Rajpoot,28-01-2021 09:00:00,28-01-2021 09:45:00,2700
Distributional Semantics Shoot- Jaidev,03-04-2021 02:30:00,03-04-2021 04:30:00,7200
Upgrad Adjunct Faculty- Ramsri,04-02-2021 13:30:00,04-02-2021 14:15:00,2700
Discussion on QAN,19-01-2021 07:30:00,19-01-2021 08:30:00,3600
DL Content Review and LO Creation,10-12-2020 09:30:00,10-12-2020 10:30:00,3600
RCA Issue Tickets SLA Violation,29-04-2021 12:00:00,29-04-2021 12:30:00,1800
Assignment code discussion,20-05-2021 11:30:00,20-05-2021 12:00:00,1800
Distributional Semantics Code and PPT discussion,30-03-2021 13:00:00,30-03-2021 14:00:00,3600
Weekly SGC: Launch,03-06-2021 19:00:00,03-06-2021 19:30:00,1800
Weekly SGC: Launch,01-06-2021 19:00:00,01-06-2021 19:30:00,1800
Weekly SGC: Launch,27-05-2021 19:00:00,27-05-2021 19:30:00,1800
Weekly SGC: Launch,27-05-2021 19:00:00,27-05-2021 19:30:00,1800
Weekly SGC: Launch,08-06-2021 19:00:00,08-06-2021 19:30:00,1800
upGrad Adjunct Faculty,10-02-2021 05:00:00,10-02-2021 05:45:00,2700
upGrad Adjunct Faculty - ROSHIN JOHNSON,15-02-2021 11:30:00,15-02-2021 12:15:00,2700
ML C21 Service Recovery Calls for CSAT,12-01-2021 11:30:00,12-01-2021 12:00:00,1800
Topic Modelling Shoot- Jaidev,25-04-2021 08:00:00,25-04-2021 10:00:00,7200
Topic Modelling Shoot- Jaidev,25-04-2021 08:00:00,25-04-2021 10:00:00,7200
Upgrad Adjunct Faculty- Kaushic Kalyan,08-02-2021 12:30:00,08-02-2021 13:15:00,2700
Lexical SME Discussion,20-05-2021 12:30:00,20-05-2021 13:15:00,2700
Boosting Discussion,07-01-2021 12:00:00,07-01-2021 12:30:00,1800
Discussion with alankar,07-04-2021 13:30:00,07-04-2021 13:55:00,1500
Teaching Session (Suman) - RNN case study,03-04-2021 05:30:00,03-04-2021 06:00:00,1800
Lexical Processing Discussion,23-04-2021 06:30:00,23-04-2021 07:30:00,3600
upGrad Xpert Connect,30-12-2020 05:30:00,30-12-2020 06:00:00,1800
NLP- QC of graded questions,23-02-2021 07:30:00,23-02-2021 07:45:00,900
NLP- Text Processing- Teaching session- Paul,07-12-2020 04:30:00,07-12-2020 05:30:00,3600
Lexical Processing Discussion,12-03-2021 13:30:00,12-03-2021 14:15:00,2700
DS Course 4 Exams,12-05-2021 06:45:00,12-05-2021 07:10:00,1500
SME Discussion Jaidev,08-02-2021 11:30:00,08-02-2021 12:10:00,2400
Semantic Milestones Doc,10-02-2021 11:30:00,10-02-2021 11:45:00,900
Object Detection Scope,05-02-2021 08:00:00,05-02-2021 08:30:00,1800
Upgrad Adjunct Faculty- Sujay Kumar,29-01-2021 12:45:00,29-01-2021 13:30:00,2700
Topic Modelling PPT discussion,20-04-2021 07:00:00,20-04-2021 08:00:00,3600
Distributional Semantics Deck Discussion,22-03-2021 06:00:00,22-03-2021 06:40:00,2400
<not a meeting> Slot CS Interview,18-01-2021 09:30:00,18-01-2021 10:30:00,3600
Tanuj <> upGrad - Content discussion on Unsupervised Deep Learning,30-04-2021 09:30:00,30-04-2021 10:00:00,1800
Gunnvant / Vikas - DS C18 Exam,04-12-2020 09:30:00,04-12-2020 09:45:00,900
Leave Discussion - Sandeep,14-12-2020 07:00:00,14-12-2020 07:30:00,1800
Content error pointed by SGC,27-05-2021 09:00:00,27-05-2021 09:30:00,1800
Context Setting Rasa ML-C19,01-02-2021 05:00:00,01-02-2021 05:15:00,900
Syntactic PPT walkthrough,31-03-2021 11:30:00,31-03-2021 12:30:00,3600
SME Finalisation Discussion,17-05-2021 09:00:00,17-05-2021 09:30:00,1800
Collaboration with Prof. Ramalingaswamy,04-05-2021 05:00:00,04-05-2021 05:15:00,900
AR - End Day Catchup,04-12-2020 19:00:00,04-12-2020 19:30:00,1800
Interview download,17-12-2020 07:00:00,17-12-2020 07:15:00,900
Semantics PPT and code demonstration,02-04-2021 10:30:00,02-04-2021 13:30:00,10800
Shoot Neural Networks for NLP ML program- Jaidev,22-03-2021 02:30:00,22-03-2021 04:30:00,7200
Weekly Sync up- Himanshi/Gunnvant,28-05-2021 17:30:00,28-05-2021 18:00:00,1800
Weekly Sync up- Himanshi/Gunnvant,16-04-2021 17:30:00,16-04-2021 18:00:00,1800
Weekly Sync up- Himanshi/Gunnvant,05-03-2021 17:30:00,05-03-2021 18:00:00,1800
Weekly Sync up- Himanshi/Gunnvant,02-04-2021 17:30:00,02-04-2021 18:00:00,1800
Weekly Sync up- Himanshi/Gunnvant,12-02-2021 17:00:00,12-02-2021 17:30:00,1800
Weekly Sync up- Himanshi/Gunnvant,12-02-2021 17:30:00,12-02-2021 18:00:00,1800
Upgrad Adjunct Faculty- Nitya Tiwari,19-02-2021 09:30:00,19-02-2021 09:50:00,1200
Review Comments Framework Design,09-02-2021 06:00:00,09-02-2021 08:20:00,8400
Kaustubh / Saroj ,23-03-2021 09:00:00,23-03-2021 10:00:00,3600
CS Interview,31-12-2020 12:00:00,31-12-2020 12:30:00,1800
Deck progress Distributional Semantics,24-03-2021 06:30:00,24-03-2021 06:55:00,1500
Syntactic Processing Code Discussion,30-04-2021 07:30:00,30-04-2021 08:15:00,2700
upGrad Adjunct Faculty - Vinodhini,04-02-2021 11:30:00,04-02-2021 12:00:00,1800
Lexical Processing discussion,01-06-2021 04:30:00,01-06-2021 05:15:00,2700
Syntactic Processing Teaching session,24-03-2021 09:30:00,24-03-2021 10:30:00,3600
Chatbot API Issue,15-02-2021 08:30:00,15-02-2021 09:00:00,1800
C20- Issues,16-02-2021 07:30:00,16-02-2021 08:30:00,3600
Lexical Processing Discussion,30-03-2021 11:30:00,30-03-2021 12:30:00,3600
IM Calls Feedback: Internal,28-05-2021 09:45:00,28-05-2021 10:15:00,1800
Upgrad Adjunct Facility- Akshay ,19-02-2021 10:30:00,19-02-2021 10:50:00,1200
Semantic Presentation Discussion,25-03-2021 06:30:00,25-03-2021 07:00:00,1800
Distributional Semantics PPT Shoot- Jaidev,07-04-2021 03:00:00,07-04-2021 04:30:00,5400
Lexical Processing Deck discussion,23-05-2021 09:30:00,23-05-2021 10:15:00,2700
Jarviscloud Testing Results,24-03-2021 11:00:00,24-03-2021 11:30:00,1800
Saroj  / Kshitij Weekly,05-02-2021 09:00:00,05-02-2021 10:00:00,3600
Weekly SGC: Launch,20-05-2021 19:00:00,20-05-2021 19:30:00,1800
Weekly SGC: Launch,18-05-2021 19:00:00,18-05-2021 19:30:00,1800
Weekly SGC: Launch,13-05-2021 19:00:00,13-05-2021 19:30:00,1800
Weekly SGC: Launch,13-05-2021 19:00:00,13-05-2021 20:00:00,3600
Github Repo Finalisation,08-06-2021 11:30:00,08-06-2021 12:00:00,1800
MLC - Applications of DL in CV,17-05-2021 11:00:00,17-05-2021 11:30:00,1800
Topic Modelling and Knowledge Graph,19-04-2021 11:30:00,19-04-2021 12:30:00,3600
Discussion with Sriranjini,22-04-2021 10:30:00,22-04-2021 10:55:00,1500
Town Hall,05-05-2021 04:30:00,05-05-2021 05:15:00,2700
Knowledge Graph Presentation discussion,20-04-2021 12:00:00,20-04-2021 12:30:00,1800
Syntactic Processing deck review,08-04-2021 07:30:00,08-04-2021 08:30:00,3600
ML & MLC -Q4,14-01-2021 05:00:00,14-01-2021 05:30:00,1800
ML- Identifying shoot format,11-03-2021 14:00:00,11-03-2021 14:30:00,1800
Gunnvant / Kaustubh,03-12-2020 12:00:00,03-12-2020 12:30:00,1800
NLP Discussion,24-02-2021 09:30:00,24-02-2021 09:55:00,1500
Design Doc Discussion,23-02-2021 05:00:00,23-02-2021 05:25:00,1500
Capstones,01-02-2021 12:30:00,01-02-2021 13:00:00,1800
ML_Delivery_Content Enagement Meeting,14-07-2020 18:30:00,14-07-2020 19:00:00,1800
ML_Delivery_Content Enagement Meeting,07-07-2020 18:30:00,07-07-2020 19:00:00,1800
ML_Delivery_Content Enagement Meeting,30-06-2020 18:30:00,30-06-2020 19:00:00,1800
NPS Analysis,04-02-2021 10:00:00,04-02-2021 10:30:00,1800
ML_Delivery_Content Enagement Meeting,23-06-2020 18:30:00,23-06-2020 19:00:00,1800
ML_Delivery_Content Enagement Meeting,26-05-2020 18:30:00,26-05-2020 19:00:00,1800
ML_Delivery_Content Enagement Meeting,12-05-2020 18:30:00,12-05-2020 19:00:00,1800
ML_Delivery_Content Enagement Meeting,05-05-2020 18:30:00,05-05-2020 19:00:00,1800
ML_Delivery_Content Enagement Meeting,28-04-2020 18:30:00,28-04-2020 19:00:00,1800
Mandatory - Q3 town hall and R&R ceremony,21-01-2021 04:30:00,21-01-2021 06:00:00,5400
TAP Videos on Platform,22-03-2021 06:45:00,22-03-2021 07:00:00,900
ML Capstones Discussion,06-01-2021 08:00:00,06-01-2021 08:30:00,1800
"[URGENT]: Alignment on Q4, Q1 team tasks",18-05-2021 09:30:00,18-05-2021 10:30:00,3600
Gunnvant / Vikas - ML Curriculum,23-02-2021 06:35:00,23-02-2021 06:50:00,900
Design Excel (Intro to NN+Distributional Semantics),17-02-2021 11:30:00,17-02-2021 11:55:00,1500
Syntactic discussion,15-03-2021 09:30:00,15-03-2021 10:15:00,2700
upGrad | Call with the content team,29-12-2020 10:30:00,29-12-2020 11:00:00,1800
NLP Long Term Changes AKAIKE Context,21-05-2021 12:30:00,21-05-2021 13:00:00,1800
NLP curriculum,29-12-2020 13:30:00,29-12-2020 14:00:00,1800
Eye for Blind catchup,18-01-2021 08:30:00,18-01-2021 09:00:00,1800
Sync up on Lexical Processing Shoot Prep,04-06-2021 08:00:00,04-06-2021 08:30:00,1800
Flowdoc finalization,31-05-2021 08:45:00,31-05-2021 09:10:00,1500
Out of office,02-04-2021 00:30:00,02-04-2021 18:20:00,64200
NLP Code Verification,02-03-2021 07:30:00,02-03-2021 07:55:00,1500
NLP Design Discussion,07-04-2021 05:30:00,07-04-2021 06:30:00,3600
Learner connect <> DS C20,10-12-2020 13:00:00,10-12-2020 13:30:00,1800
ML : All Hands Meet || Weekly Catch-up,14-01-2021 18:00:00,14-01-2021 18:45:00,2700
ML : All Hands Meet || Weekly Catch-up,18-02-2021 18:00:00,18-02-2021 18:45:00,2700
ML : All Hands Meet || Weekly Catch-up,11-02-2021 18:00:00,11-02-2021 18:45:00,2700
ML : All Hands Meet || Weekly Catch-up,04-02-2021 18:00:00,04-02-2021 18:45:00,2700
ML : All Hands Meet || Weekly Catch-up,28-01-2021 18:00:00,28-01-2021 18:45:00,2700
ML : All Hands Meet || Weekly Catch-up,21-01-2021 18:00:00,21-01-2021 18:45:00,2700
ML : All Hands Meet || Weekly Catch-up,14-01-2021 18:00:00,14-01-2021 18:45:00,2700
upGrad Adjunct Faculty-Krishna,20-02-2021 05:00:00,20-02-2021 05:20:00,1200
Content Process Improvements,28-01-2021 05:30:00,28-01-2021 07:00:00,5400
CS Training - Tech Programs,02-12-2020 04:00:00,02-12-2020 06:00:00,7200
Discussion with Mohit,12-05-2021 12:30:00,12-05-2021 12:55:00,1500
NLP Redev Review,17-12-2020 09:30:00,17-12-2020 10:30:00,3600
upGrad Adjunct Faculty-Vijay Gadhave,10-02-2021 08:00:00,10-02-2021 08:30:00,1800
Docker/Git Update,05-02-2021 11:30:00,05-02-2021 12:00:00,1800
ML & AI - Weekly Engagement Catchup,22-04-2021 11:00:00,22-04-2021 12:30:00,5400
ML & AI - Weekly Engagement Catchup,22-04-2021 11:00:00,22-04-2021 12:30:00,5400
Jarvislabs Testing,16-03-2021 10:30:00,16-03-2021 11:30:00,3600
NER Session Discussion with SME,21-04-2021 05:00:00,21-04-2021 05:30:00,1800
Syntactic Discussion,30-03-2021 12:30:00,30-03-2021 13:15:00,2700
IMPORTANT ANNOUNCEMENT,05-01-2021 09:30:00,05-01-2021 10:30:00,3600
ML- Daily Stand up,29-03-2021 11:15:00,29-03-2021 11:55:00,2400
Discussion with Mohit,10-06-2021 07:30:00,10-06-2021 08:10:00,2400
Semantic Processing ,12-02-2021 05:00:00,12-02-2021 05:30:00,1800
SMEs,18-02-2021 12:00:00,18-02-2021 12:30:00,1800
ML C15 SR Action Items,19-01-2021 07:30:00,19-01-2021 08:30:00,3600
CS Interview Slot <Not a Meeting>,05-01-2021 10:30:00,05-01-2021 11:30:00,3600
ML- Daily Stand up,11-05-2021 11:30:00,11-05-2021 11:55:00,1500
ML- Daily Stand up,03-05-2021 11:15:00,03-05-2021 11:55:00,2400
ML- Daily Stand up,10-05-2021 11:15:00,10-05-2021 11:55:00,2400
ML- Daily Stand up,05-05-2021 12:15:00,05-05-2021 12:55:00,2400
ML- Daily Stand up,03-05-2021 11:15:00,03-05-2021 11:55:00,2400
ML- Daily Stand up,09-06-2021 11:15:00,09-06-2021 11:55:00,2400
ML- Daily Stand up,28-05-2021 11:15:00,28-05-2021 11:55:00,2400
ML- Daily Stand up,26-05-2021 11:15:00,26-05-2021 11:55:00,2400
ML- Daily Stand up,20-05-2021 12:30:00,20-05-2021 13:10:00,2400
Future Human Touch ,24-03-2021 08:30:00,24-03-2021 09:30:00,3600
Design Excel,22-02-2021 06:30:00,22-02-2021 07:00:00,1800
Upgrad Adjunct Faculty- Ramsri,12-02-2021 06:00:00,12-02-2021 06:45:00,2700
Design Excel Discussion (Semantic),24-02-2021 05:00:00,24-02-2021 05:25:00,1500
Prashant Bhat <> upGrad Content/Alumni Team - Object Detection Masterclass,03-02-2021 07:00:00,03-02-2021 07:30:00,1800
NLP/DL Revamp plan,15-12-2020 08:30:00,15-12-2020 09:00:00,1800
Assignment discussion,26-05-2021 07:30:00,26-05-2021 08:00:00,1800
NER & CRF Code finalization,10-05-2021 07:30:00,10-05-2021 08:15:00,2700
Distributional_Semantics_Codes_PPT,30-03-2021 06:00:00,30-03-2021 07:00:00,3600
Capstone discussion,12-01-2021 05:15:00,12-01-2021 06:00:00,2700
upGrad <> Prof. Arnab,14-05-2021 05:30:00,14-05-2021 05:55:00,1500
upGrad Adjunct Faculty - Sumit Bhatia,02-03-2021 08:00:00,02-03-2021 08:45:00,2700
NLP Redev Discussion,29-12-2020 07:30:00,29-12-2020 08:30:00,3600
Discussion with Thomas,13-04-2021 11:00:00,13-04-2021 11:25:00,1500
Busy,02-03-2021 12:00:00,02-03-2021 13:50:00,6600
Discussion on capstones,05-01-2021 07:30:00,05-01-2021 08:30:00,3600
ML Weekly Programs Update,31-03-2021 20:00:00,31-03-2021 21:00:00,3600
ML Weekly Programs Update,30-03-2021 16:00:00,30-03-2021 17:00:00,3600
TAP Video plan- Ongoing cohorts,30-03-2021 08:00:00,30-03-2021 08:30:00,1800
Design Doc Finalisation Discussion,01-03-2021 12:00:00,01-03-2021 12:15:00,900
NLP/DL Exams Discussion,28-04-2021 09:00:00,28-04-2021 09:30:00,1800
TAP Video Plan- Data Vertival,25-03-2021 11:30:00,25-03-2021 12:00:00,1800
DL Next Steps - ML & MLC,09-12-2020 11:30:00,09-12-2020 12:00:00,1800
short catchup,30-04-2021 13:30:00,30-04-2021 13:55:00,1500
Flow Doc: Catchup,04-03-2021 08:00:00,04-03-2021 08:25:00,1500
Task Updates:Catchup,04-03-2021 11:00:00,04-03-2021 11:25:00,1500
Design Excel Updates,13-04-2021 10:00:00,13-04-2021 10:15:00,900
NLP Redev Discussion,22-12-2020 11:30:00,22-12-2020 12:30:00,3600
Discussion with Aashraya,10-05-2021 12:45:00,10-05-2021 13:10:00,1500
Lexical Processing Use Cases Discussion,22-03-2021 12:00:00,22-03-2021 12:30:00,1800
Issue tickets SLA violation: RCA & Next Steps,26-04-2021 09:30:00,26-04-2021 10:00:00,1800
Semantic Milestones Doc,09-02-2021 10:30:00,09-02-2021 10:55:00,1500
Lunch,11-12-2020 07:30:00,11-12-2020 08:30:00,3600
Deployment QC,27-04-2021 13:00:00,27-04-2021 13:15:00,900
upGrad Adjunct Faculty-Laxmi Kant,10-02-2021 12:00:00,10-02-2021 12:45:00,2700
Topic Modelling Shoot Jaidev,30-04-2021 11:00:00,30-04-2021 13:30:00,9000
<not a meeting> Check Issue tickets,07-06-2021 17:00:00,07-06-2021 17:15:00,900
<not a meeting> Check Issue tickets,09-06-2021 17:00:00,09-06-2021 17:15:00,900
<not a meeting> Check Issue tickets,27-05-2021 17:00:00,27-05-2021 17:15:00,900
<not a meeting> Check Issue tickets,28-05-2021 17:00:00,28-05-2021 17:15:00,900
<not a meeting> Check Issue tickets,26-05-2021 17:00:00,26-05-2021 17:15:00,900
<not a meeting> Check Issue tickets,21-05-2021 17:00:00,21-05-2021 17:15:00,900
<not a meeting> Check Issue tickets,17-05-2021 17:00:00,17-05-2021 17:15:00,900
<not a meeting> Check Issue tickets,13-05-2021 17:00:00,13-05-2021 17:15:00,900
<not a meeting> Check Issue tickets,12-05-2021 17:00:00,12-05-2021 17:15:00,900
<not a meeting> Check Issue tickets,11-05-2021 17:00:00,11-05-2021 17:15:00,900
SGC broader plan,29-04-2021 12:30:00,29-04-2021 12:55:00,1500
upGrad Adjunct Faculty- Usha,24-02-2021 12:30:00,24-02-2021 13:00:00,1800
NPS Analysis Follow Up Meeting,09-02-2021 14:00:00,09-02-2021 14:45:00,2700
RL Content Review,11-12-2020 08:30:00,11-12-2020 09:30:00,3600
Womanhood: The walks of her life,05-03-2021 12:00:00,05-03-2021 13:00:00,3600
Shoot Neural Networks for NLP ML program- Jaidev,21-03-2021 02:30:00,21-03-2021 04:30:00,7200
Weekly SGC: Launch,22-04-2021 19:00:00,22-04-2021 19:30:00,1800
Weekly SGC: Launch,08-04-2021 19:00:00,08-04-2021 19:30:00,1800
Weekly SGC: Launch,06-04-2021 19:00:00,06-04-2021 19:30:00,1800
Weekly SGC: Launch,06-04-2021 19:00:00,06-04-2021 19:30:00,1800
NLP Live Session plan for C-22,08-04-2021 07:00:00,08-04-2021 07:30:00,1800
Jarvis AI Demo,16-03-2021 10:30:00,16-03-2021 11:20:00,3000
Jarvis AI Migration Catchup,23-03-2021 05:00:00,23-03-2021 05:15:00,900
Discussion with Karmanya,15-05-2021 06:30:00,15-05-2021 06:55:00,1500
Womanhood - Being financial independent,09-03-2021 04:30:00,09-03-2021 05:30:00,3600
NLP Module Discussion,17-02-2021 13:45:00,17-02-2021 14:10:00,1500
Mockshoot NLP- Jaidev,16-03-2021 02:30:00,16-03-2021 04:30:00,7200
Quick Catch Up on Intern Hiring,07-01-2021 14:45:00,07-01-2021 15:00:00,900
ML & NLP/DL- Module Adherence Sync up,27-05-2021 15:30:00,27-05-2021 16:00:00,1800
ML & NLP/DL- Module Adherence Sync up,13-05-2021 15:30:00,13-05-2021 16:00:00,1800
ML & NLP/DL- Module Adherence Sync up,09-04-2021 12:00:00,09-04-2021 12:15:00,900
ML & NLP/DL- Module Adherence Sync up,25-03-2021 15:30:00,25-03-2021 16:00:00,1800
ML & NLP/DL- Module Adherence Sync up,18-03-2021 15:30:00,18-03-2021 16:00:00,1800
SGC Design,26-04-2021 07:00:00,26-04-2021 07:30:00,1800
IM Test Analysis Next Steps,27-05-2021 12:00:00,27-05-2021 12:30:00,1800
IM Test Analysis Next Steps,26-05-2021 12:00:00,26-05-2021 12:30:00,1800
IM Test Analysis Next Steps,26-05-2021 12:00:00,26-05-2021 12:30:00,1800
ML & NLP/DL- Module Adherence Sync up,04-03-2021 15:30:00,04-03-2021 16:00:00,1800
LO Doc Discussion,08-12-2020 13:30:00,08-12-2020 14:00:00,1800
NLP Curriculum Discussion,25-03-2021 12:00:00,25-03-2021 12:25:00,1500
DL Graded Question - Issue,07-04-2021 10:15:00,07-04-2021 10:30:00,900
AR discussion,07-12-2020 13:00:00,07-12-2020 13:30:00,1800
Collaboration with Prof. Debarka,13-05-2021 09:30:00,13-05-2021 09:55:00,1500
ML & NLP/DL- QC Sync up,30-12-2020 14:30:00,30-12-2020 15:00:00,1800
ML & NLP/DL- QC Sync up,26-05-2021 14:30:00,26-05-2021 15:00:00,1800
ML & NLP/DL- QC Sync up,20-01-2021 14:30:00,20-01-2021 15:00:00,1800
ML & NLP/DL- QC Sync up,13-01-2021 14:30:00,13-01-2021 15:00:00,1800
ppt semantic discussion,16-03-2021 06:00:00,16-03-2021 06:30:00,1800
"Invitation: Chatbot Issue (C19): SME Connect - Mr. Manish @ Tue Feb 16,",16-02-2021 08:30:00,16-02-2021 09:30:00,3600
QC Training - Data and Tech Programs,10-12-2020 08:30:00,10-12-2020 09:30:00,3600
DL in NLP Shoot :: Mohit - PGDML- NLP MLC23,14-06-2021 03:30:00,14-06-2021 08:35:00,18300
Learning Doc Neural Networks for NLP,12-05-2021 07:00:00,12-05-2021 07:30:00,1800
NLP Discussion,10-03-2021 05:30:00,10-03-2021 06:00:00,1800
Module Adherence Checklist-Scope of Work,15-01-2021 10:00:00,15-01-2021 10:30:00,1800
Weekly SGC: Launch,11-05-2021 19:00:00,11-05-2021 19:30:00,1800
Weekly SGC: Launch,06-05-2021 19:00:00,06-05-2021 19:30:00,1800
Weekly SGC: Launch,04-05-2021 19:00:00,04-05-2021 19:30:00,1800
Weekly SGC: Launch,29-04-2021 19:00:00,29-04-2021 19:30:00,1800
Weekly SGC: Launch,27-04-2021 19:00:00,27-04-2021 19:30:00,1800
Weekly SGC: Launch,27-04-2021 19:00:00,27-04-2021 19:30:00,1800
NLP Catchup,04-01-2021 07:00:00,04-01-2021 07:30:00,1800
NLP- Viterbi Video Removal,25-02-2021 11:00:00,25-02-2021 11:15:00,900
Data Vertical Weekly ,23-12-2020 16:00:00,23-12-2020 17:00:00,3600
Data Vertical Weekly ,16-12-2020 16:00:00,16-12-2020 17:00:00,3600
Data Vertical Weekly ,09-12-2020 16:00:00,09-12-2020 17:00:00,3600
Data Vertical Weekly ,02-12-2020 16:00:00,02-12-2020 17:00:00,3600
Data Vertical Weekly ,25-11-2020 16:00:00,25-11-2020 17:00:00,3600
Data Vertical Weekly ,18-11-2020 16:00:00,18-11-2020 17:00:00,3600
Mock shoot::Mohit - ML C23 - DL in NLP,10-06-2021 03:30:00,10-06-2021 04:50:00,4800
Data Vertical Weekly ,11-11-2020 16:00:00,11-11-2020 17:00:00,3600
Data Vertical Weekly ,04-11-2020 16:00:00,04-11-2020 17:00:00,3600
Data Vertical Weekly ,28-10-2020 16:00:00,28-10-2020 17:00:00,3600
Capstone Discussion - Eye for Blind,29-01-2021 06:30:00,29-01-2021 07:00:00,1800
CS Interview Slot <not a meeting>,13-01-2021 09:30:00,13-01-2021 10:30:00,3600
ML Weekly Programs Update,27-04-2021 16:30:00,27-04-2021 17:00:00,1800
ML Weekly Programs Update,20-04-2021 16:00:00,20-04-2021 17:00:00,3600
ML Weekly Programs Update,07-04-2021 19:30:00,07-04-2021 20:30:00,3600
ML Weekly Programs Update,06-04-2021 16:00:00,06-04-2021 17:00:00,3600
NLP Syntactic Processing Shoot Day 1,03-04-2021 07:00:00,03-04-2021 14:00:00,25200
ML Status Check,10-03-2021 12:30:00,10-03-2021 13:00:00,1800
upGrad Adjunct Faculty,08-01-2021 13:30:00,08-01-2021 14:30:00,3600
NLP PPT Discussion,04-12-2020 03:30:00,04-12-2020 04:30:00,3600
Weekly Catchup,19-02-2021 17:00:00,19-02-2021 17:25:00,1500
Catchup Eye for blind deck progress,14-01-2021 08:00:00,14-01-2021 08:30:00,1800
Alumni Initiatives,24-12-2020 09:30:00,24-12-2020 10:30:00,3600
Suvajit catchup,12-03-2021 11:00:00,12-03-2021 11:30:00,1800
DS C18 Cloning Issue,18-02-2021 10:30:00,18-02-2021 10:45:00,900
Lexical Processing Discussion (Internal),31-03-2021 08:00:00,31-03-2021 08:45:00,2700
Catchup-Eye for Blind,18-01-2021 12:00:00,18-01-2021 12:15:00,900
upGrad<>Prof Sudarshan,19-05-2021 09:00:00,19-05-2021 09:25:00,1500
Lexical Processing Discussion,13-04-2021 13:00:00,13-04-2021 14:00:00,3600
Jarvis AI Status Check,17-03-2021 09:30:00,17-03-2021 09:45:00,900
RNN Use cases,13-05-2021 07:00:00,13-05-2021 07:30:00,1800
Syntactic Processing Session-2 shoot- Sumit,08-05-2021 09:30:00,08-05-2021 12:30:00,10800
ML : All Hands Meet || Weekly Catch-up,04-06-2021 16:00:00,04-06-2021 16:45:00,2700
ML : All Hands Meet || Weekly Catch-up,04-06-2021 15:45:00,04-06-2021 16:15:00,1800
Design_Doc_Semantic_processing,25-03-2021 12:30:00,25-03-2021 13:00:00,1800
CS -Training - Day 2- LO Document,02-12-2020 04:00:00,02-12-2020 06:00:00,7200
upGrad Adjunct Faculty - Rohit Agarwal,28-01-2021 09:30:00,28-01-2021 10:00:00,1800
Freshdesk Issue Ticket Reporting- Data ,04-05-2021 08:00:00,04-05-2021 08:40:00,2400
"IIIT B & upGrad Online Graduation Ceremony @Sun Mar 21, 2021",21-03-2021 05:30:00,21-03-2021 07:00:00,5400
Leader's speak- Corporate Induction,23-12-2020 04:30:00,23-12-2020 07:30:00,10800
Poll questions- Next steps,15-04-2021 07:00:00,15-04-2021 07:30:00,1800
Distrubutional Semantics PIP shoot- Jaidev,05-04-2021 02:30:00,05-04-2021 04:30:00,7200
Semantic presentation discussion,02-04-2021 14:00:00,02-04-2021 15:00:00,3600
Google colab migration plan,12-02-2021 05:30:00,12-02-2021 05:45:00,900
Brief about NLP Plan,15-01-2021 09:30:00,15-01-2021 09:45:00,900
Neural Networks for NLP- ML program- Jaidev,19-03-2021 11:30:00,19-03-2021 13:30:00,7200
Code Run Attention Models,14-01-2021 07:30:00,14-01-2021 08:30:00,3600
Adjunct Faculty- Alankar,23-02-2021 08:00:00,23-02-2021 08:20:00,1200
Gunnvant / Saroj Weekly,17-05-2021 16:30:00,17-05-2021 17:00:00,1800
Gunnvant / Saroj Weekly,10-05-2021 16:30:00,10-05-2021 17:00:00,1800
DS to ML Bridge Course - Calender,26-05-2021 07:30:00,26-05-2021 08:00:00,1800
Distributional Semantics PIP shoot- Jaidev,05-04-2021 11:30:00,05-04-2021 14:00:00,9000
Upgrad Adjunct Faculty - Pawan Rajpoot,29-01-2021 07:30:00,29-01-2021 08:00:00,1800
CNN Assignment Windup,15-12-2020 10:30:00,15-12-2020 11:00:00,1800
SME Reachout Strategy,18-02-2021 09:30:00,18-02-2021 09:45:00,900
NLP Code verification,02-03-2021 06:30:00,02-03-2021 06:55:00,1500
Topic Modelling Shoot Jaidev,28-04-2021 16:30:00,28-04-2021 19:00:00,9000
Topic Modelling Shoot Jaidev,27-04-2021 16:45:00,27-04-2021 18:15:00,5400
Topic Modelling Shoot Jaidev,26-04-2021 17:00:00,26-04-2021 19:00:00,7200
Topic Modelling Shoot Jaidev,26-04-2021 16:30:00,26-04-2021 19:00:00,9000
Discussion on GAN's,28-01-2021 10:00:00,28-01-2021 10:30:00,1800
Version Control Plan,22-01-2021 08:45:00,22-01-2021 09:15:00,1800
Exam QC,11-12-2020 11:30:00,11-12-2020 12:30:00,3600
Gunnvant / Ojas,12-01-2021 12:30:00,12-01-2021 13:20:00,3000
Mock shoot- Paul,14-12-2020 15:00:00,14-12-2020 16:00:00,3600
Neural Networks for NLP ML program- Jaidev,18-03-2021 07:30:00,18-03-2021 08:30:00,3600
Discussion with Nisheet,29-04-2021 07:30:00,29-04-2021 07:55:00,1500
CS Interview Slot <not a meeting>,11-01-2021 10:30:00,11-01-2021 11:30:00,3600
NLP Redev Antriksh,28-12-2020 09:30:00,28-12-2020 09:45:00,900
Video Removal Discussion,22-12-2020 07:00:00,22-12-2020 07:15:00,900
Intern PPO Priority Order,10-06-2021 10:30:00,10-06-2021 11:00:00,1800
Urgent : Updated LS Plan || ML C28 onwards,09-04-2021 13:30:00,09-04-2021 14:00:00,1800
Discussion on deck for DL in NLP,07-06-2021 08:30:00,07-06-2021 09:35:00,3900
Poll question QC,08-04-2021 10:30:00,08-04-2021 10:50:00,1200
upGrad Adjunct Faculty - Abinaya Mahendiran,16-02-2021 05:00:00,16-02-2021 05:45:00,2700
Interview Content Strategist,15-12-2020 09:30:00,15-12-2020 10:30:00,3600
Leave: Saroj,22-04-2021 08:00:00,22-04-2021 08:00:00,0
Discussion with Arun,01-04-2021 05:30:00,01-04-2021 06:35:00,3900
Aspect Based Sentiment Dependency Parsing Demo Code,18-01-2021 07:30:00,18-01-2021 08:30:00,3600
discussion with Gunnvant,10-06-2021 06:30:00,10-06-2021 06:55:00,1500
Adjunct Faculty-Alankar,20-02-2021 04:30:00,20-02-2021 05:00:00,1800
ML_Delivery_Content Enagement Meeting,21-07-2020 18:30:00,21-07-2020 19:00:00,1800
upGrad Xpert Connect- Paul,16-12-2020 03:30:00,16-12-2020 04:00:00,1800
Weekly Catch Up,24-02-2021 13:15:00,24-02-2021 13:45:00,1800
Weekly Catch Up,03-02-2021 16:00:00,03-02-2021 16:30:00,1800
Weekly Catch Up,03-02-2021 13:00:00,03-02-2021 13:30:00,1800
Distributional Semantics Code Demonstration Shoot,30-03-2021 10:30:00,30-03-2021 12:00:00,5400
Upgrad Adjunct Faculty- Ayan Sengupta,24-02-2021 09:00:00,24-02-2021 09:20:00,1200
Alumni - Content Sync up,02-02-2021 13:45:00,02-02-2021 14:30:00,2700
Teaching session- Syntactic Assignment,19-05-2021 11:30:00,19-05-2021 12:30:00,3600
Distrubutional Presentation Discussion,07-04-2021 10:45:00,07-04-2021 11:15:00,1800
Discussion with SME- Vaibhav,11-02-2021 13:45:00,11-02-2021 14:30:00,2700
LO Creation DL,10-12-2020 12:00:00,10-12-2020 14:00:00,7200
Syntactic Processing Discussion,27-04-2021 08:00:00,27-04-2021 08:30:00,1800
Discussion with Abhinav,27-04-2021 09:30:00,27-04-2021 09:55:00,1500
ML : All Hands Meet || Weekly Catch-up,16-04-2021 16:00:00,16-04-2021 16:45:00,2700
ML : All Hands Meet || Weekly Catch-up,09-04-2021 16:00:00,09-04-2021 16:45:00,2700
ML : All Hands Meet || Weekly Catch-up,26-03-2021 16:00:00,26-03-2021 16:45:00,2700
ML : All Hands Meet || Weekly Catch-up,19-03-2021 16:00:00,19-03-2021 16:45:00,2700
ML : All Hands Meet || Weekly Catch-up,12-03-2021 16:00:00,12-03-2021 16:45:00,2700
Content SMEs Review and Discussion,16-04-2021 15:00:00,16-04-2021 16:00:00,3600
Stay at Crowne Plaza New Delhi Rohini,03-04-2021 00:00:00,05-04-2021 00:00:00,0
Mockshoot NLP- Jaidev,14-02-2021 06:30:00,14-02-2021 07:30:00,3600
Chatbot Discussion with SME,03-02-2021 10:00:00,03-02-2021 10:30:00,1800
NPS Analysis ,05-02-2021 04:30:00,05-02-2021 05:30:00,3600
Weekly ML Content,29-01-2021 13:30:00,29-01-2021 14:30:00,3600
Out of office,02-05-2021 18:30:00,03-05-2021 18:30:00,0
Data Viz Cloning,09-01-2021 13:00:00,09-01-2021 13:45:00,2700
Similarity Platform and Queries Resolution Session,02-03-2021 10:00:00,02-03-2021 10:45:00,2700
MLC - Cohort No. 4 - Course No. 8 - Mahesh Balan - New SME,24-05-2021 03:30:00,24-05-2021 05:30:00,7200
upGrad Xpert Connect- Arihant,16-12-2020 08:00:00,16-12-2020 09:00:00,3600
Discussion with Maitreyee,27-04-2021 14:30:00,27-04-2021 14:55:00,1500
SGC planning,01-04-2021 10:30:00,01-04-2021 11:30:00,3600
Discussion on ticket,22-02-2021 06:45:00,22-02-2021 07:15:00,1800
Distributional Semantics Presentation,21-03-2021 13:30:00,21-03-2021 14:15:00,2700
NER & CRF code discussion,06-05-2021 07:30:00,06-05-2021 08:15:00,2700
Distributional_Semantics_codes_ppt,30-03-2021 03:30:00,30-03-2021 04:30:00,3600
CS Training- Day 6 - Video,09-12-2020 04:00:00,09-12-2020 06:00:00,7200
Discussion with Ajay,05-05-2021 12:00:00,05-05-2021 12:25:00,1500
Syntactic PPT discussion,23-03-2021 10:15:00,23-03-2021 11:00:00,2700
Weekly SGC: Next Steps,03-05-2021 14:00:00,03-05-2021 14:25:00,1500
Employability tests feedback call,27-05-2021 09:30:00,27-05-2021 09:45:00,900
Semantic Processing Deck Discussion,24-03-2021 13:00:00,24-03-2021 13:45:00,2700
Teaching Session with Alankar,12-05-2021 10:30:00,12-05-2021 11:20:00,3000
PPS Process Discussion,03-02-2021 09:30:00,03-02-2021 10:00:00,1800
Alumni Initiatives update - upGrad rise,08-06-2021 07:45:00,08-06-2021 08:15:00,1800
NLP Discussion- Arihant,17-02-2021 09:00:00,17-02-2021 09:45:00,2700
PPT Training Prep,12-05-2021 13:15:00,12-05-2021 13:30:00,900
Flow Doc V1 (Intro to NN),25-02-2021 05:00:00,25-02-2021 05:15:00,900
Distributional Semantics_PPT_Walkthrough,31-03-2021 05:00:00,31-03-2021 06:30:00,5400
KRA,09-02-2021 12:30:00,09-02-2021 13:00:00,1800
Discussion with Alankar,26-04-2021 09:30:00,26-04-2021 09:55:00,1500
Shoot Neural Networks for NLP ML program- Jaidev,20-03-2021 08:45:00,20-03-2021 10:15:00,5400
NLP - SME,13-05-2021 13:30:00,13-05-2021 14:00:00,1800
CS Interview,30-12-2020 11:30:00,30-12-2020 12:30:00,3600
NLP Redev Review,17-12-2020 12:00:00,17-12-2020 14:00:00,7200
upGrad Adjunct Faculty- Rohit Raj,04-03-2021 10:00:00,04-03-2021 11:00:00,3600
Upgrad Adjunct Faculty-Debapratim,25-02-2021 09:00:00,25-02-2021 09:15:00,900
Applications of DL in NLP- SME,21-05-2021 07:00:00,21-05-2021 07:20:00,1200
Migration to Jarvis Cloud,05-04-2021 09:15:00,05-04-2021 09:30:00,900
Sync Up Semantic Design Excel,28-01-2021 05:00:00,28-01-2021 05:15:00,900
"Organisational Announcement by Ronnie, Mayank and Phalgun",26-04-2021 03:30:00,26-04-2021 04:30:00,3600
Design Excel Review for Topic Modelling and Intro to Semantics ,16-04-2021 12:00:00,16-04-2021 12:30:00,1800
SGC calendar,01-04-2021 06:30:00,01-04-2021 07:10:00,2400
AI for Managers - Faculty Time Walkthrough,04-01-2021 11:30:00,04-01-2021 12:00:00,1800
Topic Modelling and Knowledge Graph PPT review,26-04-2021 10:00:00,26-04-2021 10:45:00,2700
Chatbot Issue (C19): SME Connect - Mr. Manish,16-02-2021 04:30:00,16-02-2021 05:00:00,1800
CS Training - Day 4- Assessments and Projects,07-12-2020 04:00:00,07-12-2020 06:00:00,7200
CS Training - Tech Programs,03-12-2020 04:00:00,03-12-2020 06:00:00,7200
NLP Case study shoot :: Alankar,16-05-2021 12:30:00,16-05-2021 14:35:00,7500
Distributional Semantics Shoot- Jaidev,01-04-2021 10:30:00,01-04-2021 12:30:00,7200
Semantic Processing Discussion,17-03-2021 11:45:00,17-03-2021 12:45:00,3600
ML_Delivery_Content Enagement Meeting,29-09-2020 18:30:00,29-09-2020 19:00:00,1800
Syntactic Processing- II- Shoot (Code),15-05-2021 10:30:00,15-05-2021 12:30:00,7200
ML_Delivery_Content Enagement Meeting,05-01-2021 18:30:00,05-01-2021 19:00:00,1800
ML_Delivery_Content Enagement Meeting,29-12-2020 18:30:00,29-12-2020 19:00:00,1800
ML_Delivery_Content Enagement Meeting,22-12-2020 18:30:00,22-12-2020 19:00:00,1800
Lexical Processing Discussion,21-05-2021 12:00:00,21-05-2021 12:30:00,1800
Collaboration with Prof. Viswanath,03-05-2021 12:30:00,03-05-2021 12:45:00,900
ML_Delivery_Content Enagement Meeting,15-12-2020 18:30:00,15-12-2020 19:00:00,1800
Lunch,14-12-2020 08:30:00,14-12-2020 09:30:00,3600
<not a meeting> Content Research,11-01-2021 11:45:00,11-01-2021 13:30:00,6300
Exam QC,11-12-2020 06:30:00,11-12-2020 07:30:00,3600
Syntactic discussion,17-03-2021 09:30:00,17-03-2021 10:30:00,3600
Assignment discussion- Sumit,17-05-2021 08:30:00,17-05-2021 09:15:00,2700
Gunnvant / Saroj Weekly,23-04-2021 18:00:00,23-04-2021 18:30:00,1800
Gunnvant / Saroj Weekly,19-03-2021 18:00:00,19-03-2021 18:30:00,1800
Capstone RCAs,08-01-2021 18:00:00,08-01-2021 18:30:00,1800
Gunnvant / Saroj Weekly,01-01-2021 18:00:00,01-01-2021 18:30:00,1800
Gunnvant / Saroj Weekly,18-12-2020 18:00:00,18-12-2020 18:30:00,1800
Gunnvant / Saroj Weekly,11-12-2020 18:00:00,11-12-2020 18:30:00,1800
Gunnvant / Saroj Weekly,11-12-2020 18:00:00,11-12-2020 18:30:00,1800
Shoot-Distributional Semantics for NLP- ML program- Jaidev ,01-04-2021 12:30:00,01-04-2021 14:30:00,7200
ML Coach Meet | SGC Suggestions,14-04-2021 14:00:00,14-04-2021 15:00:00,3600
Discussion with Aayushi,30-04-2021 07:00:00,30-04-2021 07:25:00,1500
ML_Delivery_Content Enagement Meeting,08-12-2020 18:30:00,08-12-2020 19:00:00,1800
ML_Delivery_Content Enagement Meeting,01-12-2020 18:30:00,01-12-2020 19:00:00,1800
DL/ NLP Improvements Brainstorming,05-05-2021 12:30:00,05-05-2021 13:30:00,3600
ML_Delivery_Content Enagement Meeting,24-11-2020 18:30:00,24-11-2020 19:00:00,1800
ML_Delivery_Content Enagement Meeting,17-11-2020 18:30:00,17-11-2020 19:00:00,1800
Farewell - Bhagya,28-05-2021 13:30:00,28-05-2021 14:30:00,3600
API Docs,05-02-2021 08:30:00,05-02-2021 08:55:00,1500
Stats Question,22-04-2021 10:30:00,22-04-2021 10:45:00,900
Weekly MLC28 | Agenda Walkthrough,31-05-2021 14:00:00,31-05-2021 15:00:00,3600
Darwinbox Refresher for Managers,12-03-2021 09:00:00,12-03-2021 10:00:00,3600
NLP/DL Capstones- Low module ratings,22-12-2020 10:00:00,22-12-2020 10:30:00,1800
Sandeep's work allocation,15-12-2020 11:00:00,15-12-2020 11:40:00,2400
CS Training- Day 5- Copyrights ,08-12-2020 04:00:00,08-12-2020 06:00:00,7200
Colab Code Migration Plan,12-02-2021 10:00:00,12-02-2021 10:25:00,1500
Lexical Processing Discussion,01-06-2021 06:15:00,01-06-2021 06:45:00,1800
Mock Shoot- Sumit,30-04-2021 08:15:00,30-04-2021 09:00:00,2700
Semantic Code Demonstrartion,27-03-2021 06:30:00,27-03-2021 07:15:00,2700
Group Coaching - 1,09-12-2020 09:30:00,09-12-2020 10:30:00,3600
Urgent Task - Future Human Touch,23-03-2021 11:00:00,23-03-2021 11:30:00,1800
Shoot Neural Networks for NLP ML program- Jaidev,20-03-2021 03:00:00,20-03-2021 06:00:00,10800
Module Design Review - Eye for the blind - capstone,18-02-2021 08:30:00,18-02-2021 10:30:00,7200
discussion on questions,26-03-2021 08:30:00,26-03-2021 09:30:00,3600
Syntactic Processing teaching session,07-04-2021 08:30:00,07-04-2021 09:30:00,3600
upGrad Adjunct Faculty,23-01-2021 05:30:00,23-01-2021 06:15:00,2700
Capstone Ownership,15-01-2021 13:30:00,15-01-2021 14:00:00,1800
ML- Daily Stand up,16-04-2021 11:15:00,16-04-2021 11:55:00,2400
ML- Daily Stand up,15-04-2021 11:15:00,15-04-2021 11:55:00,2400
ML- Daily Stand up,07-04-2021 11:15:00,07-04-2021 11:55:00,2400
ML- Daily Stand up,26-03-2021 11:15:00,26-03-2021 11:55:00,2400
ML- Daily Stand up,25-03-2021 11:15:00,25-03-2021 11:55:00,2400
ML- Daily Stand up,24-03-2021 11:15:00,24-03-2021 11:55:00,2400
ML- Daily Stand up,22-03-2021 11:15:00,22-03-2021 11:55:00,2400
ML- Daily Stand up,02-04-2021 11:15:00,02-04-2021 11:55:00,2400
ML- Daily Stand up,31-03-2021 11:15:00,31-03-2021 11:55:00,2400
ML- Daily Stand up,30-03-2021 11:15:00,30-03-2021 11:55:00,2400
SME Status Check,25-02-2021 13:30:00,25-02-2021 14:00:00,1800
Design Training Crash Course ,01-12-2020 13:30:00,01-12-2020 14:30:00,3600
"ML, MLC Plan Updates",12-01-2021 13:45:00,12-01-2021 14:15:00,1800
Resource Planning <Niket>,28-12-2020 08:45:00,28-12-2020 09:00:00,900
Weekly MLC Meeting,15-01-2021 16:00:00,15-01-2021 17:00:00,3600
<not a meeting> Check Issue tickets,11-01-2021 17:00:00,11-01-2021 17:15:00,900
Manager Refresher: PIP Process,30-03-2021 11:45:00,30-03-2021 12:30:00,2700
Discussion with Shantanu,26-03-2021 11:30:00,26-03-2021 12:30:00,3600
ML + MLC NLP Plan,03-02-2021 05:00:00,03-02-2021 05:30:00,1800
upGrad Adjunct Faculty,22-01-2021 16:00:00,22-01-2021 16:45:00,2700
ML : Delivery-Content || Weekly Catch-up,07-01-2021 18:00:00,07-01-2021 18:45:00,2700
Discussion with Binil,21-04-2021 12:00:00,21-04-2021 12:40:00,2400
Mandatory Training - Performance Management on DarwinBox,19-01-2021 06:30:00,19-01-2021 07:30:00,3600
Creating Modular Content,19-05-2021 04:30:00,19-05-2021 05:30:00,3600
DL Curriculum Discussion,11-12-2020 09:30:00,11-12-2020 10:30:00,3600
Gunnvant / Sandeep ,24-02-2021 12:00:00,24-02-2021 12:45:00,2700
upGrad Adjunct Faculty- Shalabh,24-02-2021 11:30:00,24-02-2021 12:00:00,1800
Mock Shoot - Alankar -PGDML- NLP MLC23,16-04-2021 09:30:00,16-04-2021 10:20:00,3000
NLP Redev Review,16-12-2020 09:30:00,16-12-2020 10:30:00,3600
upGrad Adjunct Faculty - Sumit Bhatia,09-03-2021 07:00:00,09-03-2021 07:45:00,2700
CS Interview Slot <not a meeting>,12-01-2021 10:30:00,12-01-2021 11:30:00,3600
Out of office,25-05-2021 18:30:00,26-05-2021 17:50:00,84000
EFB Code,20-01-2021 12:00:00,20-01-2021 13:00:00,3600
ML + MLC Plan: Status Check,27-01-2021 12:30:00,27-01-2021 13:00:00,1800
Shoot-Neural Networks for NLP- ML program- Jaidev,19-03-2021 08:00:00,19-03-2021 09:00:00,3600
Deck discussion,04-06-2021 10:30:00,04-06-2021 11:15:00,2700
Employability Tests Feedback Call,27-05-2021 09:45:00,27-05-2021 10:00:00,900
upGrad Adjunct Faculty- Malavika Suresh,25-02-2021 11:30:00,25-02-2021 12:00:00,1800
WEBINAR with YourDOST's Clinical Psychologist - Managing uncertainties during the pandemic,11-05-2021 11:30:00,11-05-2021 12:30:00,3600
NLP Redev Review,17-12-2020 07:30:00,17-12-2020 08:30:00,3600
Welcome to Data Content!,20-01-2021 05:45:00,20-01-2021 06:00:00,900
Mode Query,23-04-2021 14:30:00,23-04-2021 14:55:00,1500
ML- Daily Stand up,20-04-2021 11:15:00,20-04-2021 11:55:00,2400
ML- Daily Stand up,30-04-2021 11:30:00,30-04-2021 12:00:00,1800
ML- Daily Stand up,22-04-2021 13:00:00,22-04-2021 13:40:00,2400
Coding Question Issue,18-05-2021 14:00:00,18-05-2021 14:25:00,1500
Discussion on Semantic Processing - Tejaswini,22-01-2021 07:30:00,22-01-2021 08:30:00,3600
Deployment Query Resolution,23-03-2021 11:30:00,23-03-2021 11:45:00,900
upGrad - Introduction,15-02-2021 04:30:00,15-02-2021 05:00:00,1800
AR- Module Adherence,05-01-2021 10:15:00,05-01-2021 10:30:00,900
Exam QC,14-04-2021 06:30:00,14-04-2021 06:55:00,1500
Data Vertical Weekly ,24-02-2021 16:00:00,24-02-2021 17:00:00,3600
Data Vertical Fortnightly,09-06-2021 19:00:00,09-06-2021 20:00:00,3600
Data Vertical Fortnightly,12-05-2021 19:00:00,12-05-2021 20:00:00,3600
Data Vertical Fortnightly,26-05-2021 19:00:00,26-05-2021 20:00:00,3600
Data Vertical Fortnightly,12-05-2021 19:00:00,12-05-2021 20:00:00,3600
Data Vertical Weekly ,17-02-2021 16:00:00,17-02-2021 17:00:00,3600
Data Vertical Weekly ,10-02-2021 16:00:00,10-02-2021 17:00:00,3600
Alumni Initiatives FY 22,05-04-2021 10:00:00,05-04-2021 10:30:00,1800
Data Vertical Weekly ,20-01-2021 16:00:00,20-01-2021 17:00:00,3600
Data Vertical Weekly ,06-01-2021 16:00:00,06-01-2021 17:00:00,3600
Out of office,08-06-2021 18:30:00,09-06-2021 18:30:00,0
Attention Code run,14-01-2021 09:30:00,14-01-2021 10:00:00,1800
Rasa C19 Platform Text Changes,02-02-2021 06:30:00,02-02-2021 06:45:00,900
Syntactic shoot-Sumit,28-05-2021 07:30:00,28-05-2021 09:00:00,5400
Graded Questions QC,22-03-2021 09:30:00,22-03-2021 10:00:00,1800
Mock shoot- Sumit,02-04-2021 07:00:00,02-04-2021 08:30:00,5400
ML & MLC- Task Planning,15-01-2021 04:30:00,15-01-2021 05:30:00,3600
Intro to Neural Networks Course Structure finalisation,22-02-2021 10:30:00,22-02-2021 11:00:00,1800
upGrad Adjunct Faculty,22-01-2021 09:30:00,22-01-2021 10:15:00,2700
Exam Review - QC,05-02-2021 15:30:00,05-02-2021 16:30:00,3600
Exam Review - QC,07-01-2021 16:30:00,07-01-2021 17:30:00,3600
Exam Review - QC,24-12-2020 16:30:00,24-12-2020 17:30:00,3600
CS Training - Day 3- Flow+Scripting,03-12-2020 04:00:00,03-12-2020 06:00:00,7200
Syntactic processing- Design excel review,24-03-2021 07:30:00,24-03-2021 08:00:00,1800
Quick catch up on Lexical,21-05-2021 15:00:00,21-05-2021 15:30:00,1800
GANs,18-01-2021 14:00:00,18-01-2021 15:00:00,3600
Out of office,05-03-2021 09:30:00,08-03-2021 18:00:00,30600
Gunnvant / Vikas - Quick catch up,28-12-2020 06:45:00,28-12-2020 07:00:00,900
Discussion with Alankar - NLP case study,05-04-2021 10:30:00,05-04-2021 10:55:00,1500
Weekly SGC: Launch,25-05-2021 19:00:00,25-05-2021 19:30:00,1800
Weekly SGC: Launch,25-05-2021 19:00:00,25-05-2021 19:30:00,1800
URGENT: Interns decision,19-02-2021 13:00:00,19-02-2021 13:15:00,900
Ticket resolution,12-01-2021 06:30:00,12-01-2021 07:00:00,1800
Course Mindmap Finalisation,13-05-2021 11:30:00,13-05-2021 12:00:00,1800
DS/ML NPS Feedback Discussion,04-12-2020 03:30:00,04-12-2020 04:30:00,3600
upGrad Adjunct Faculty - Jeetendra Singh,17-02-2021 06:30:00,17-02-2021 07:00:00,1800
Q3 - 6 month NPS analysis,04-02-2021 05:30:00,04-02-2021 07:30:00,7200
Catchup on team allocation,24-03-2021 12:30:00,24-03-2021 13:00:00,1800
upGrad Adjunct Faculty - Rohit Agarwal,01-02-2021 10:00:00,01-02-2021 10:30:00,1800
ML Cloning Issue Resolution and Team Plans,07-12-2020 11:30:00,07-12-2020 12:15:00,2700
ML_Delivery_Content Enagement Meeting,01-09-2020 18:30:00,01-09-2020 19:00:00,1800
Additional elements discussion,04-06-2021 09:00:00,04-06-2021 09:30:00,1800
Distributional Semantics PPT discussion,05-04-2021 08:30:00,05-04-2021 08:45:00,900
Distrubutional Semantic Code Demonstration shoot,31-03-2021 13:00:00,31-03-2021 14:00:00,3600
Teaching Session (Rakesh Tripathi) - RNN Case Study,03-04-2021 08:00:00,03-04-2021 08:30:00,1800
ML_Delivery_Content Enagement Meeting,15-09-2020 18:30:00,15-09-2020 19:00:00,1800
ML_Delivery_Content Enagement Meeting,08-09-2020 18:30:00,08-09-2020 19:00:00,1800
ML_Delivery_Content Enagement Meeting,01-09-2020 18:30:00,01-09-2020 19:00:00,1800
Topic Modelling Design Excel and PPT discussion,14-04-2021 11:30:00,14-04-2021 12:30:00,3600
Upgrad Adjunct Facility- Jaidev .,02-02-2021 10:30:00,02-02-2021 11:15:00,2700
Context Setting SME Reachouts,28-01-2021 07:30:00,28-01-2021 07:45:00,900
Shoot-Distributional Semantics for NLP- ML program- Jaidev,27-03-2021 04:30:00,27-03-2021 06:00:00,5400
Gunnvant / Anmol ,24-05-2021 07:45:00,24-05-2021 08:00:00,900
Semantic Processing ppt Discussion,09-03-2021 08:00:00,09-03-2021 08:30:00,1800
Soft Skills Modules Publish Execution Plan,17-12-2020 06:30:00,17-12-2020 07:00:00,1800
AR Discussion,08-12-2020 10:00:00,08-12-2020 10:30:00,1800
Weekly SGCs in Data: Brief and Next Steps,30-03-2021 13:30:00,30-03-2021 14:15:00,2700
program journey,23-03-2021 08:30:00,23-03-2021 09:00:00,1800
Himanshi/Gunnvant Sync up,28-01-2021 12:00:00,28-01-2021 12:15:00,900
SME Discussion Ayan and Parth Mehta,19-02-2021 08:00:00,19-02-2021 08:25:00,1500
Boosting- ML C20 Publish/Unpublish,18-12-2020 06:45:00,18-12-2020 07:00:00,900
EFB Discussion,19-01-2021 12:30:00,19-01-2021 13:00:00,1800
Lexical Processing Discussion,04-05-2021 09:30:00,04-05-2021 10:00:00,1800
Exit Discussion: Gunnvant,27-05-2021 12:00:00,27-05-2021 12:30:00,1800
Discussion on case study,22-04-2021 09:15:00,22-04-2021 09:55:00,2400
Distrubutional Semantics Code Shoot,08-04-2021 09:30:00,08-04-2021 11:30:00,7200
Gunnvant / Vikas - Exam Review,09-04-2021 09:30:00,09-04-2021 10:00:00,1800
Discussion with Mohit,25-05-2021 06:00:00,25-05-2021 06:25:00,1500
ML & NLP/DL- QC Sync up,11-11-2020 14:30:00,11-11-2020 15:00:00,1800
ML & NLP/DL- QC Sync up,04-11-2020 14:30:00,04-11-2020 15:00:00,1800
ML & NLP/DL- QC Sync up,28-10-2020 14:30:00,28-10-2020 15:00:00,1800
ML & NLP/DL- QC Sync up,28-10-2020 14:30:00,28-10-2020 15:00:00,1800
NLP Revamp Plan,11-12-2020 11:30:00,11-12-2020 12:00:00,1800
ML C22: Feedback and Concerns over the Stats and ML-1 Exam,11-02-2021 06:30:00,11-02-2021 07:00:00,1800
Distrubutional Semantics PIP Shoot- Jaidev,07-04-2021 11:30:00,07-04-2021 12:30:00,3600
Attention module-Deck Discussion,15-01-2021 07:00:00,15-01-2021 07:30:00,1800
Creating Great Videos ,04-05-2021 04:15:00,04-05-2021 05:30:00,4500
Code migration,20-01-2021 07:30:00,20-01-2021 08:30:00,3600
SGC Catchup,06-04-2021 05:00:00,06-04-2021 05:15:00,900
Session- 1 code demo shoot- Sumit,02-05-2021 07:30:00,02-05-2021 10:30:00,10800
Lexical Processing Discussion,14-04-2021 19:00:00,14-04-2021 19:30:00,1800
Topic Modelling and Knowledge Graph Assessment Questions,27-05-2021 08:30:00,27-05-2021 09:00:00,1800
Lexical Processing Discussion,19-04-2021 19:00:00,19-04-2021 20:00:00,3600
upGrad<> Prof Ashutosh,19-05-2021 11:30:00,19-05-2021 11:55:00,1500
Lexical Processing Discussion,15-04-2021 19:00:00,15-04-2021 19:15:00,900
Quick Huddle: TAP Expectation Page,18-03-2021 07:15:00,18-03-2021 07:30:00,900
Chatbot disccussion,15-02-2021 13:00:00,15-02-2021 13:30:00,1800
NLP Redevelopment Discussion,30-12-2020 05:00:00,30-12-2020 05:30:00,1800
Text Processing- PPT Discussion,07-12-2020 14:00:00,07-12-2020 15:00:00,3600
Mock shoot- Gunnvant,22-04-2021 06:30:00,22-04-2021 07:30:00,3600
DL in NLP Shoot :: Mohit - PGDML- NLP MLC23,20-06-2021 06:30:00,20-06-2021 10:35:00,14700
Weekly SGC Calendar for DS Followup,01-04-2021 08:30:00,01-04-2021 09:00:00,1800
Jarvis Updates,07-04-2021 18:00:00,07-04-2021 18:15:00,900
Jarvis Updates,06-04-2021 17:30:00,06-04-2021 17:45:00,900
Tech-Product Feature Requests,10-05-2021 12:00:00,10-05-2021 12:30:00,1800
Semantic: Design Discussion,09-04-2021 05:00:00,09-04-2021 05:25:00,1500
Lexical Processing Shoot- Mahesh,14-06-2021 05:30:00,14-06-2021 12:30:00,25200
Gunnvant/Himanshi Sync up,16-12-2020 12:00:00,16-12-2020 12:30:00,1800
DL/NLP Catchup,28-01-2021 11:30:00,28-01-2021 12:00:00,1800
Gunnvant / Sandeep ,04-12-2020 08:30:00,04-12-2020 09:15:00,2700
Q1 and Q2 planning,07-05-2021 09:30:00,07-05-2021 10:15:00,2700
upGrad Adjunct Faculty - Sumit Bhatia,04-03-2021 06:30:00,04-03-2021 07:15:00,2700
Semantic Design Excel ,25-02-2021 10:30:00,25-02-2021 11:00:00,1800
upGrad Adjunct Faculty- Malavika Suresh,22-02-2021 11:30:00,22-02-2021 12:00:00,1800
NLP/DL Resource Plan,29-12-2020 11:00:00,29-12-2020 11:30:00,1800
Weekly resource planning,24-12-2020 12:30:00,24-12-2020 13:00:00,1800
NLP- PPT Discussion,08-12-2020 11:30:00,08-12-2020 12:00:00,1800
Exam QC,15-04-2021 06:30:00,15-04-2021 06:55:00,1500
Assignment discussion- Sumit,13-05-2021 07:30:00,13-05-2021 08:15:00,2700
Syntactic Processing Mock Shoot- Sumit,06-03-2021 12:30:00,06-03-2021 13:30:00,3600
NLP Curriculum Discussion,17-03-2021 06:30:00,17-03-2021 07:10:00,2400
Discussion on Mgmt & Leadership,13-05-2021 12:30:00,13-05-2021 13:00:00,1800
upGrad Adjunct Faculty- Tanmay Dhote,02-02-2021 12:30:00,02-02-2021 13:15:00,2700
